{
    "head0": {
        "type": "header",
        "description": "Settings for clock@schorschii"
    },

    "head1": {
        "type": "header",
        "description": "Visual"
    },
    "style" : {
        "type": "combobox",
        "default" : "light",
        "description" : "Clock style",
        "options" : {
            "Light" : "light",
            "Dark": "dark",
            "Light Transparent": "light_transparent",
            "Dark Transparent": "dark_transparent",
            "Semitransparent": "semi_transparent",
            "Custom": "custom-images"
        },
        "tooltip" : "Select the background graphic you would like to use."
    },
    "show-seconds-hand": {
        "type": "checkbox",
        "description": "Show seconds hand",
        "tooltip": "Show or hide the seconds hand.",
        "default": false
    },
    "smooth-seconds-hand": {
        "type": "checkbox",
        "description": "Smooth second hand",
        "tooltip": "Use smooth animation for seconds hand instead of refreshing it only every second.",
        "default": true
    },
    "smooth-minutes-hand": {
        "type": "checkbox",
        "description": "Smooth minute hand",
        "tooltip": "Use smooth animation for minute hand instead of moving it only once per minute.",
        "default": true
    },
    "hide-decorations": {
        "type": "checkbox",
        "description": "Hide decorations",
        "default": false
    },
    "desklet-size": {
        "type": "spinbutton",
        "default": 150,
        "min": 10,
        "max": 500,
        "step": 2,
        "units": "pixels",
        "description": "Desklet size",
        "tooltip": "Increase or decrease the size of the clock."
    },

    "head2": {
        "type": "header",
        "description": "Custom desklet label (only visible if decorations are enabled)"
    },
    "use-custom-label": {
        "type": "checkbox",
        "default": false,
        "description": "Use a custom desklet label",
        "tooltip": "Checking this box allows you to set a custom label in the field below.",
        "value": false
    },
    "custom-label": {
        "type": "entry",
        "default": "Clock 1",
        "description": "Custom desklet label",
        "indent": true,
        "dependency": "use-custom-label",
        "tooltip": "Set your custom label here, e.g. for multiple timezones. This field is unavailable unless the checkbox above is enabled."
    },

    "head3": {
        "type": "header",
        "description": "Timezone"
    },
    "use-custom-tz": {
        "type": "checkbox",
        "default": false,
        "description": "Use a custom timezone",
        "tooltip": "Checking this box allows you to set a custom timezone in the field below.",
        "value": false
    },
    "custom-tz": {
        "type": "entry",
        "default": "",
        "description": "Custom time zone",
        "indent": true,
        "dependency": "use-custom-tz",
        "tooltip": "Enter your custom timezone here."
    },

    "head4": {
        "type": "header",
        "description": "Custom images (available if clock style is set to 'custom')"
    },
    "img-bg": {
        "default": "",
        "type": "filechooser",
        "description" : "Background",
        "tooltip": "Choose your own background image.",
        "allow-none" : true
    },
    "img-s": {
        "default": "",
        "type": "filechooser",
        "description" : "Seconds hand",
        "tooltip": "Choose your own image for the seconds hand. Should be as big as the background image.",
        "allow-none" : true
    },
    "img-m": {
        "default": "",
        "type": "filechooser",
        "description" : "Minute hand",
        "tooltip": "Choose your own image for the minute hand. Should be as big as the background image.",
        "allow-none" : true
    },
    "img-h": {
        "default": "",
        "type": "filechooser",
        "description" : "Hour hand",
        "tooltip": "Choose your own image for the hour hand. Should be as big as the background image.",
        "allow-none" : true
    }
}
